id;start_date;end_date;language
1;2024-06-26T14:18:32;2024-06-26T10:04:57;SPANISH
2;2024-06-25T20:32:42;2024-06-26T05:32:38;ENGLISH
3;2024-06-26T03:50:48;2024-06-25T20:06:43;FRENCH
4;2024-06-25T19:08:11;2024-06-26T03:07:40;SPANISH
5;2024-06-26T15:00:08;2024-06-26T14:32:14;FRENCH
6;2024-06-26T11:15:33;2024-06-26T17:48:54;SPANISH
7;2024-06-26T06:45:35;2024-06-25T19:06:43;FRENCH
8;2024-06-26T01:14:35;2024-06-26T07:12:19;SPANISH
9;2024-06-26T17:06:28;2024-06-26T16:54:14;SPANISH
10;2024-06-25T23:47:56;2024-06-26T17:50:19;FRENCH
